title,offer_price,offer_dicount,offer_avail,no_cost_emi
"Samsung Galaxy M Series M55 5G Dual Sim Smartphone (12GB RAM, 256GB Storage) 6.7 inch FHD+ Super AMOLED Display, SnapdragonÂ® 7 Gen 1 (Denim Black)","â‚¹ 28,999",12% OFF,Offer Available,"No Cost EMI | Standard EMI From â‚¹ 1,406"
"Redmi Note 13 5G Dual Sim Smartphone (8GB RAM, 256GB Storage) 6.67 inch 120Hz FHD+ Display | MediaTek Dimensity 6080 |5000 mAh Battery (Stealth Black)","â‚¹ 18,999",17% OFF,Offer Available,No Cost EMI | Standard EMI From â‚¹ 921
"Redmi Note 13 Pro 5G Smartphone (8GB RAM, 128GB Storage) 6.67-inch AMOLED display, SnapdragonÂ® 7s Gen 2 Processor, Midnight Black (MZB0FOJIN)","â‚¹ 24,999",14% OFF,Offer Available,"No Cost EMI | Standard EMI From â‚¹ 1,212"
"Vivo Y200e 5G Smartphone (8GB RAM, 128GB Storage) 6.67-inch FHD+ AMOLED display, SnapdragonÂ® 4s Gen 2 Processor (Black Diamond)","â‚¹ 20,999",19% OFF,Offer Available,"No Cost EMI | Standard EMI From â‚¹ 1,018"
"Vivo Y200e 5G Smartphone (8GB RAM, 128GB Storage) 6.67-inch FHD+ AMOLED display, SnapdragonÂ® 4s Gen 2 Processor (Saffron Delight)","â‚¹ 20,999",19% OFF,Offer Available,"No Cost EMI | Standard EMI From â‚¹ 1,018"
"Redmi Note 13 Pro 5G Smartphone (8GB RAM, 256GB Storage) 6.67-inch AMOLED display, SnapdragonÂ® 7s Gen 2 Processor, Midnight Black (MZB0FOKIN)","â‚¹ 26,999",13% OFF,Offer Available,"No Cost EMI | Standard EMI From â‚¹ 1,309"
"Vivo V Series V30 5G Dual Sim Smartphone (8GB RAM, 256GB Storage) 6.78 inch FHD+ AMOLED Display| Qualcomm Snapdragon 7 Gen 3 Processor (Peacock Green)","â‚¹ 35,999",9% OFF,Offer Available,"No Cost EMI | Standard EMI From â‚¹ 1,745"
"Vivo V Series V30 5G Dual Sim Smartphone (8GB RAM, 128GB Storage) 6.78 inch FHD+ AMOLED Display| Qualcomm Snapdragon 7 Gen 3 Processor (Peacock Green)","â‚¹ 33,999",0% OFF,Offer Unavailable,"No Cost EMI | Standard EMI From â‚¹ 1,648"
"Vivo V Series V30 5G Dual Sim Smartphone (8GB RAM, 128GB Storage) 6.78 inch FHD+ AMOLED Display | Qualcomm Snapdragon 7 Gen 3 Processor (Andaman Blue)","â‚¹ 33,999",0% OFF,Offer Unavailable,"No Cost EMI | Standard EMI From â‚¹ 1,648"
"Vivo V30e 5G Dual Sim Smartphone (8GB RAM, 128GB Storage) 6.78 inch 120Hz AMOLED Display | Snapdragon 6 Gen 1 Processor (Velvet Red)","â‚¹ 27,999",0% OFF,Offer Unavailable,"No Cost EMI | Standard EMI From â‚¹ 1,357"
"Redmi Note 13 Pro+ 5G Dual Sim Smartphone (8GB RAM, 256GB Storage) 6.67 inch 3D Curved AMOLED Display | MediaTek Dimensity 7200-Ultra (Fusion Purple)","â‚¹ 30,999",0% OFF,Offer Unavailable,"No Cost EMI | Standard EMI From â‚¹ 1,503"
"Samsung Galaxy A Series A35 5G Dual Sim Smartphone (8GB RAM, 128GB Storage) 6.6 inch FHD+ Super AMOLED Display, Octa-Core Processor (Awesome Iceblue)","â‚¹ 30,999",0% OFF,Offer Unavailable,"No Cost EMI | Standard EMI From â‚¹ 1,503"
